{"dim1": [1920, 1080], "dim2": [1920, 1080], "dim3": [1920, 1080], "K": [[1242.962566367217, 0.0, 942.7136253163029], [0.0, 1239.7162350474089, 511.6959007543177], [0.0, 0.0, 1.0]], "D": [[-0.04939291542571049], [0.03234999336298066], [-0.056835911087945556], [0.023843642168562357]], "new_K": [[1149.5595284905535, 0.0, 933.2529651990866], [0.0, 1146.5571443461702, 506.30282692140526], [0.0, 0.0, 1.0]], "scaled_K": [[1242.962566367217, 0.0, 942.7136253163029], [0.0, 1239.7162350474089, 511.6959007543177], [0.0, 0.0, 1.0]], "balance": 0}